Name,Number,Type,Street,Quarter,Plan_number,Code
1789,144,Restaurant,Avenue Olympique,L'Illaz,4,,
4 Property,207,Agence Immobili√®re,Rue du Coin,Le Coin,7,,
4 Seasons,447,Restaurant,Rue de la Poste,Vieux Village,8,,
5 Fr√®res Les,445,H√¥tel,Mont√©e du Bellevue,Vieux Village,8,,
G√®me √©toile,280,Commerce,Avenue Olympique,Le Thovex,7,,
AB Skishop,275,Commerce,Avenue Olympique,Les L√®ches,7,,
Abade Al',400,Chalet,Rue de la Legettaz,La Legettaz,11,,
Abate L',139,Chalet,Acc√®s par Avenue Olympique,L'Illaz,4,,
ABC Taxis,127,Taxis,Avenue Olympique,L'Illaz,4,,
Acajuma,656,Chalet,Chemin du Petit Alaska,Le Petit Alaska,5,,
Adonis L',82,R√©sidence,Route de la Balme,Le Bosset,4,849 A,
Adroit L',508,Ferme,Rue des Barmettes,L'Adroit,12,,
Agathe,227,Chalet,Mont√©e de Bellevarde,Vers les Eaux,6,,
Agra,52,Chalet,Chemin de la Ruaz,Le Cr√™t,3,,
Aigle Blanc L',72,R√©sidence,Avenue Olympique,Le Clos,3,,
Aigle des Neige L',450,H√¥tel,Rue de la Poste,Vieux Village,8,,
Aiglon L',190,R√©sidence,Route de la Balme,La Balme,6,1220 A,
Aire de Jeux pour Enfants,261,Am√©nagement,Rue Noel Machet,Les L√®ches,7,,
Airelles Les,207,R√©sidence,Rue du Coin,Le Coin,7,,
Airelles Les,259,Chalet,Rue des L√®ches,Les L√®ches,7,,
Albaron L',192,R√©sidence,Route de la Balme,La Balme,6,6280 A,
Alexandra L',447,Bar/Restauration,Rue de la Poste,Vieux Village,8,,
Alice,187,Chalet,Route de la Balme,La Balme,6,,
Aliet,341,R√©sidence,Acc√®s par Rue des Leissi√®res,Le Rogoney,8,,
Alix,358,Chalet,Rue du Joseray,Le Joseray,10,,
Allianz,63,B√¢timent,Chemin du Cacholet,Le Cr√™t,3,,
Alpes (Chalet des),315,Chalet,Avenue Prariond,L'Illetaz,8,,
Alpes (Chalet les),233,Chalet,Mont√©e de Bellevarde,Vers les Eaux,6,,
Alpha,386,Chalet,Acc√®s par Rue du Joseray,Ch√¢telard,11,,
Alpina Lodge L',279,R√©sidence,Avenue Olympique,Le Thovex,7,9876 A,
Alpine Experience,442,Ecole de Ski,Avenue du Prariond,Vieux Village,8,,
Altitude,352,H√¥tel,Rue de la Face,Chantel,9,,
Alysson,399,Chalet,Rue de la Legettaz,La Legettaz,11,,
Amanda,514,Chalet,Route du Laisinant,Le Laisinant,13,6457A,
Amanlex,505,Chalet,Rue des Barmettes,L'Adroit,12,,
Amante,460,Chalet,Rue Nicolas Bazile,Vieux Village,8,A 4152,
Ambre,653,Chalet,Avenue du Prariond,Le Rogoney,8,,
Amigo,47,Chalet,Chemin de la Ruaz,Le Cr√™t,3,,
Amont Aval,448,Agence Immobili√®re,Rue de la Galise,Vieux Village,8,,
Amourette,106,Chalet,Acc√®s par Route de la Balme,Le Petit Alaska,5,,
Ancolie L',349,R√©sidence,Rue des Leissi√®res,Le Rogoney,8,328 A,
Andes Les,282,R√©sidence,Avenue Olympique,Le Thovex,7,1032 A,
Andr√©,28,Chalet,Rue de la Daille,La Daille,2,,
An√©mones,401,Chalet,Rue de la Legettaz,La Legettaz,11,,
An√©mones Les,121,Chalet,Avenue Olympique,Le Cacholet,3,,
Aponi,568,Organisation d'√©v√©nements,Chemin de la Bayettaz,Le Fornet,15,,
Appache,380,Chalet,Acc√®s par Rue du Joseray,Ch√¢telard,11,,
Appaloosa,92,Chalet,Chemin du Petit Alaska,Le Petit Alaska,5,,
Aquaneva,348,Chalet,Rue des C√©libataires,Le Rogoney,8,,
Aquila,435,Chalet,Rue du Cachay,Rond-Point des Pistes,9,2157 A,
Arabelle,397,Chalet,Rue de la Legettaz,La Legettaz,11,,
Arbine,37,Chalet,D902,La Daille,2,,
Arbre de Vie l',145,Restaurant,Avenue Olympique,L'Illaz,4,,
Archeboc,517,Chalet,Route du Laisinant,Le Laisinant,13,,
Arcoces Les,511,R√©sidence,Route du Laisinant,Le Laisinant,13,,
Arctic,306,Caf√© Restauration,Place des Dolomites,Val Village,8,,
Arctic Caf√©,146,Caf√©/Restauration,Avenue Olympique,L'Illaz,4,,
Arolles Les,336,R√©sidence,Rue des Leissi√®res,Le Front de Neige,8,2345,
Arolles Les,548,Chalet,Rue du Fornet,Le Fornet,15,2345,
Arosa,64,Chalet,Chemin du Cacholet,Le Cr√™t,3,,
Arpin,272,Commerce,Avenue Olympique,Les L√®ches,7,,
Arrolay L',528,Restaurant,Rue du Fornet,Le Fornet,15,,
Arsellaz L',322,Chalet,Rue de l'Eglise,Le Front de Neige,8,,
Aspen Lodge,272,H√¥tel,Avenue Olympique,Les L√®ches,7,,
Atelier d'Edmond L',561,Restaurant,Route du Fornet,Le Fornet,15,,
Ath√©na√Øse,38,Chalet,D902,La Daille,2,,
Auberge Saint Hubert,271,H√¥tel/Restaurant/Bar,Avenue Olympique,Les L√®ches,7,,
Auberine,161,Chalet,Route de la Balme,La Balme,5,üîë 1530 üîë,
Avalin L',483,Chalet,Rue des Leissi√®res,Vieux Village,8,,
Avancher L',492,H√¥tel/Restaurant,Avenue du Prariond,Les Richardes,12,,
Avancher Lodge L',491,R√©sidence,Avenue du Prariond,Les Richardes,12,,
Avenue Lodge,273,H√¥tel/Bar/Restaurant/Spa,Avenue Olympique,Les L√®ches,7,,
Azal√©e L',500,R√©sidence,All√©e des Richardes,Les Richardes,12,,
Azerole L',394,Chalet,Rue de la Legettaz,La Legettaz,11,,
Bagagerie,193,B√¢timent,Avenue Olympique,Le Coin,7,,
Bailleta,490,Chalet,Avenue du Prariond,Les Richardes,12,,
Ba√Øte Le,402,Chalet,Rue de la Legettaz,La Legettaz,11,,
Balcons de Bellevarde Les,36,R√©sidence,Rue de la Daille,La Daille,1,,
Balme La,191,R√©sidence,Route de la Balme,La Balme,6,5162 A,
Bambou le,284,Restaurant,Place de l'office,Le Thovex,7,,
Bananas,240,Restaurant/Bar,Rue du Parc des Sports,Parc des Sports,6,,
Bandire,559,Chalet,Route du Fornet,Le Fornet,15,,
Banque de Savoie,270,Banque,Avenue Olympique,Les L√®ches,7,1038 #,
Banque Populaire,217,Banque,Avenue Olympique,Le D√¥me,7,,
Banque postale,307,Banque,Rue de la Poste,Val Village,8,,
Bar Jacques,196,Restaurant,Rue du Parc des Sports,Le Coin,7,,
Bar sur la Montagne,216,Restaurant,Avenue Olympique,Le D√¥me,7,,
Baraque La,144,Restaurant/Bar,Avenue Olympique,L'Illaz,4,,
Barillon,14,Restaurant,Rue des Etroits,La Daille,2,,
Barmaz,358,R√©sidence,Rue du Joseray,Le Joseray,10,,
Barme de l'Ours La,119,Chalet,Avenue Olympique,Le Cacholet,3,,
Barmes de l'Ours Les,234,H√¥tel/Restaurants/Rotisserie/Coiffeur/Bar/Spa,Mont√©e de Bellevarde,Vers les Eaux,6,A: 1942 B: 528 B,
Barmettes,462,Chalet,Rue Nicolas Bazile,Vieux Village,8,,
Barmettes,504,Chalet,Rue des Barmettes,L'Adroit,12,,
Bartavelles Les,142,Chalet,Acc√®s par Avenue Olympique,L'Illaz,4,2132 A,
Bazel,551,Chalet,Route du Fornet,Le Fornet,15,,
Bazile,474,Chalet,Rue Nicolas Bazile,Vieux Village,8,,
Bazile II,476,Chalet,Rue Nicolas Bazile,Vieux Village,8,,
Beautiful,275,Commerce,Avenue Olympique,Les L√®ches,7,,
Bec de l'Aigle,433,Chalet,Rue du Cachay,Rond-Point des Pistes,9,,
Becca La,512,H√¥tel,Route du Laisinant,Le Laisinant,13,,
Bel Air,111,Chalet,Chemin du Cacholet,Le Cacholet,3,,
Belambra,172,R√©sidence,Route de la Balme,La Balme,5,,
Bellec√¥te,6,R√©sidence,Place du Rosoleil,La Daille,1,,
Bellevarde a,114,Chalet,Chemin du Cacholet,Le Cacholet,3,,
Bellevarde 1 (Les Chalets de),151,R√©sidence,Route de la Balme,La Calabourdanne,7,,
Bellevarde 1986 Le,146,R√©sidence,Avenue Olympique,L'Illaz,4,,
Bellevarde 2 (Les Chalets de),152,R√©sidence,Route de la Balme,La Calabourdanne,7,,
Bellevarde 3 (Les Chalets de),153,R√©sidence,Route de la Balme,La Calabourdanne,7,,
Bellier Le,204,H√¥tel,Rue du Coin,Le Coin,7,,
Belsol Le,267,R√©sidence,Rue No√´l Machet,Les L√®ches,7,6418 F,
B√©r√©nice,284,Commerce,Place Moufflier,Le Thovex,7,,
Berger,360,Chalet,Rue du Joseray,Le Joseray,10,,
Bergerie La,239,Chalet,Rue du Parc des Sports,Parc des Sports,6,1213 A,
Bergerie La,405,Chalet,Rue de la Legettaz,La Legettaz,11,1213 A,
B√©riat,473,Chalet,Rue Nicolas Bazile,Vieux Village,8,,
Berraud,290,Bijouterie/Parfumerie,Avenue Prariond,Le Thovex,7,,
Bivouac Le,481,Chalet,Rue des Leissi√®res,Vieux Village,8,,
Black Pearl,61,Chalet,Avenue Olympique,Le Cr√™t,3,,
Blanche Neige,346,R√©sidence,Rue des C√©libataires,Le Rogoney,8,,
Blanchettes Les,480,Chalet,Rue des Leissi√®res,Vieux Village,8,,
Blanchot,97,Chalet,Chemin du Petit Alaska,Le Petit Alaska,5,,
Bleuets Les,343,R√©sidence,Rue des C√©libataires,Le Rogoney,8,,
Blizzard Le,277,H√¥tel/Restaurant/Spa,Avenue Olympique,Les L√®ches,7,,
Blue Note,265,Bar,Rue du Cocor,Les L√®ches,7,,
Boch,37,Chalet,D902,La Daille,2,,
Bon Conseil,514,Chalet,Route du Laisinant,Le Laisinant,13,,
Bonel J. Claude,999,Chalet,Chemin de la Bayettaz,Le Fornet,15,,
Bonne Neige,37,Chalet,D902,La Daille,2,,
Bonnevie,366,Chalet,Acc√®s par Rue du Joseray,Le Joseray,10,,
Bonnevie,541,Chalet,Rue du Fornet,Le Fornet,15,,
Bonnevie,547,Chalet,Rue du Fornet,Le Fornet,15,,
Bonnevie Celestin,31,Chalet,Rue de la Daille,La Daille,2,,
Bonnevie Jean Louis,19,Chalet,Rue des √©troits,La Daille,2,,
Boraso Sport 2000,264,Commerce,Rue du Cocor,Les L√®ches,7,,
Bosset Le,78,Chalet,Chemin du Bosset,Le Bosset,4,,
Boucherie Cash 2000,505,Commerce,Rue des Barmettes,L'Adroit,12,,
Boulons Les,369,R√©sidence,Rue du Joseray,Le Joseray,10,,
Bouquetiniste,252,Librairie,Rue du Parc des Sports,Les L√®ches,7,,
Bouquetins Les,316,R√©sidence,Avenue du Prariond,L'Illetaz,8,,
Bout du Monde Le,662,Restaurant,Vall√©e du Manchet,Le Manchet,11,,
Bozzetto,120,Chalet,Avenue Olympique,Le Cacholet,3,,
Branges Les,654,Chalet,Route du Fornet,Mont√©e du Fornet,14,,
Brasserie Louis,7,Restaurant,Place du Rosoleil,La Daille,1,,
Bravo,386,Chalet,Acc√®s par Rue du Joseray,Ch√¢telard,11,,
Brico Val,265,Commerce,Rue du Cocor,Les L√®ches,7,,
Bruy√®res Les,493,R√©sidence,Avenue du Prariond,Les Richardes,12,,
Bureau de Tabac,290,Commerce,Place Moufflier,Le Thovex,7,,
Bureau de Tabac,6,Bureau de Tabac,Place du Rosoleil,La Daille,1,,
Bureau des Guides,145,Ecole de ski,Avenue Olympique,L'Illaz,4,,
Burger House,146,Restauration,Avenue Olympique,L'Illaz,4,,
Cabane La,325,Restauration,Front de Neige,Front de Neige,8,,
Cabinet M√©dical Delobelle,284,Cabinet M√©dical,Place Moufflier,Le Thovex,7,,
Cabinet Medical Griffiths,63,Cabinet M√©dical,Avenue Olympique,Le Cr√™t,3,,
Cabri,243,Chalet,Rue du Parc des Sports,Parc des Sports,6,,
Cachey Le,437,Chalet,Rue du Cachay,Rond-Point des Pistes,9,,
Cachoban,126,Chalet,Avenue Olympique,L'Illaz,4,,
Cacholet,124,R√©sidence,Avenue Olympique,Le Cacholet,3,,
Cagnotte,84,Chalet,Route de la Balme,Le Bosset,4,,
Caisse STVI,25,Forfaits,Acc√®s par Rue des √©troits,La Daille,2,,
Caisse STVI,245,Forfaits,Esplanade,Parc des Sports,6,,
Caisse STVI,306,Forfaits,Place des Dolomites,Val Village,8,,
Cala,671,Chalet,Mont√©e de la Legettaz,La Legettaz,10,,
Calabourbane,154,R√©sidence,Rue de la Calabourdanne,La Calabourdanne,7,,
Calimero,533,Chalet,Chemin des Pr√©s,Le Fornet,15,104 B,
Calistoga,51,Chalet,Chemin de la Ruaz,Le Cr√™t,3,,
Camahu,538,Chalet,Rue du Fornet,Fornet,15,,
Campanules,404,Chalet,Rue de la Legettaz,La Legettaz,11,,
Campanules Les,87,R√©sidence,Avenue Olympique,Le Bosset,4,,
Camping du Laisinant,510,Camping,Route du Laisinant,Le Laisinant,13,,
Canadienne,109,R√©sidence,Route de la Balme,Le Petit Alaska,5,üîë 1423 üîë,
Canendal,256,Chalet,Rue du Parc des Sports,Les L√®ches,7,,
Cantou,368,Garage,Rue du Joseray,Le Joseray,10,,
Cantou Le,367,Chalet,Rue du Joseray,Le Joseray,10,,
Cantouna,37,Chalet,D902,La Daille,2,,
Carats Les,218->230,Ensemble de Chalets,Mont√©e de Bellevarde,Vers les Eaux,6, 1346 A,
Carats blanc Les,679,Chalet,Rue des leissi√®res,Rogoney,8,,
Caresse Lingerie,302,Commerce,Val Village,Val Village,8,,
Caribou,100,Chalet,Chemin du Petit Alaska,Le Petit Alaska,5,,
Carline,524,Chalet,Route du Laisinant,Le Laisinant,13,3029,
Casa Rivas de la Fuente,183,Chalet,Route de la Balme,La Balme,6,,
Casa Scara,448,Restaurant,Rue de l'Eglise,Vieux Village,8,,
Cascade,543,Chalet,Rue du Fornet,Le Fornet,15,,
Caserne Pompiers,497,Secours,Avenue du Prariond,Les Richardes,12,,
Cash 2000,504,Commerce,Rue des Barmettes,L'Adroit,12,,
Casino,7,Commerce,Place du Rosoleil,La Daille,1,,
Casserole La,195,Restaurant,Rue du Parc des Sports,Le Coin,7,,
Castor,637,Chalet,Chemin du Petit Alaska,Le Petit Alaska,5,,
Castor 1,104,Chalet,Chemin du Petit Alaska,Le Petit Alaska,5,,
Cathiard,218,Chalet,Mont√©e de Bellevarde,Vers les Eaux,6,,
Cave sur le Comptoir La,144,Commerce,Avenue Olympique,L'Illaz,4,,
CCAS,71,R√©sidence,Avenue Olympique,Le Clos,3,,
Cembros,310,Chalet,Impasse des Gentianes,L'illetaz,8, 2018 E,
Centaur√©s du Praz,407,R√©sidence,Rue de la Legettaz,La Legettaz,11,,
Centrale d'√©puration CGE,2,B√¢timent,Chemin du Bois de la Laye,La Daille,1,,
Centrale √©lectrique EDF,76,B√¢timent,Chemin des C√¥ves,Les C√¥ves,3,,
Centre Aquasportif,237,B√¢timent,Rue de la Face,Vers les Eaux,6,,
Centre commercial,7,B√¢timent,Place du Rosoleil,La Daille,1,,
Centre Henri Oreillier,235,B√¢timent,Rue de la Face,Vers les Eaux,6,,
Centre M√©dical Medival,63,Cabinet M√©dical,Avenue Olympique,Le Cr√™t,3,,
Chablis,416,Chalet,Rue de la Legettaz,La Legettaz,11,,
Chalet Bonnevie Jean Louis,19,Chalet,Rue des √©troits,La Daille,2,,
Chalet Bout du Monde,662,Restaurant,Vall√©e du Manchet,Le Manchet,11,,
Chalet de Pierre,520,Chalet,Acc√®s par Route du Laisinant,Le Laisinant,13,,
Chalet des Alpes,315,Chalet,Avenue du Prariond,L'Illetaz,8,,
Chalet des √©troits,16,Chalet,Rue des √©troits,La Daille,2,,
Chalet des Neiges,17,Chalet,Rue des √©troits,La Daille,2,,
Chalet des Neiges,311,Chalet,Impasse des Gentianes,L'illetaz,8,,
Chalet des Pentes,17,Chalet,Rue des √©troits,La Daille,2,,
Chalet des Pistes,17,Chalet,Rue des √©troits,La Daille,2,,
Chalet des Sources,218,Chalet,Mont√©e de Bellevarde,Vers les Eaux,6,,
Chalet du Laisinant,523,R√©sidence,Route du Laisinant,Le Laisinant,13,,
Chalet Etoile des Neiges,18,Chalet,Rue des √©troits,La Daille,2,,
Chalet Izia Les,430,Chalet,Rue du Cachay,Pont du Joseray,9,,
Chalet Les Alpes,233,Chalet,Mont√©e de Bellevarde,Vers les Eaux,6,,
Chalet Soleil Levant,19,Chalet,Rue des √©troits,La Daille,2,,
Chalet Time,298,Agence Immobili√®re,Val Village,Val Village,8,,
Chalets de Bellevarde 1 Les,151,R√©sidence,Route de la Balme,La Calabourdanne,7,A: 6025 B: 1308,
Chalets de Bellevarde 2 Les,152,R√©sidence,Route de la Balme,La Calabourdanne,7,A: 6025 B: 1308,
Chalets de Bellevarde 3 Les,153,R√©sidence,Route de la Balme,La Calabourdanne,7,A: 6025 B: 1308,
Chalets de Solaise Les,426,R√©sidence,Rue de la Legettaz,La Legettaz,10,,
Chalets de Solaise Les (P et V),138,R√©sidence,Acc√®s par Avenue Olympique,L'Illaz,4,,
Chamois d'Or,354,H√¥tel,Acc√®s par Rue de la Face,Chantel,9,,
Champs Avalins H√¥tel,8,R√©sidence,Rue du Rosoleil,La Daille,1,,
Changement d'air,168,D√©coratrice d'int√©rieur,Route de la Balme,La Balme,5,,
Chantelouve,167,R√©sidence,Route de la Balme,La Balme,5,,
Chanterelles Les,160,Chalet,Route de la Balme,La Balme,5,,
Chardon Le,390,Chalet,Rue de la Legettaz,La Legettaz,11,,
Chardons Les,446,H√¥tel,Mont√©e du Bellevue,Vieux Village,8,,
Charly,386,Chalet,Acc√®s par Rue du Joseray,Ch√¢telard,11,,
Charvet Le,203,R√©sidence,Rue du Coin,Le Coin,7,8123 A,
Chaufferie IDEX,13,B√¢timent,Rue du Rosoleil,La Daille,1,,
Chavonnes Les,479,Chalet,Rue des Leissi√®res,Vieux Village,8,,
Ch√™ne,653,Chalet,Avenue du Prariond,Le Rogoney,8,,
Cherrier,195,R√©sidence,Rue du Parc des Sports,Le Coin,7,,
Chevallot,271,Boulangerie,Avenue Olympique,Les L√®ches,7,,
Chevallot,506,Usine,Rue des Barmettes,L'Adroit,12,,
Chevallot les Clarines,298,Boulangerie,Val Village,Val Village,8,,
Chevril,140,Chalet,Avenue Olympique,L'Illaz,4,,
Cheyenne,375,Chalet,Acc√®s par Route du Joseray,Ch√¢telard,11,,
Chez Sylvain,668,Chalet,Rue du Fornet,Le Fornet,15,,
Chez Nano,196,Restaurant,Rue du Parc des Sports,Le Coin,7,,
Chez Paolo,436,Restaurant,Rue du Cachay,Le Rond-Point des Pistes,9,,
Chez Savoy,361,Chalet,Acc√®s par Pont du Joseray,Le Joseray,10,,
Chez Seraphine,295,Chalet,Acc√®s par Avenue du Prariond,Le Thovex,7,,
Chiquito Tabac,272,Tabac,Avenue Olympique,Les L√®ches,7,,
Chogori Le,678,Hotel,Avenue du Prariond,L'illetaz,8,,
Choucas A Les,215,R√©sidences,Acc√®s par Avenue Olympique,Le D√¥me,7,1057 A,
Choucas B Les,214,R√©sidences,Acc√®s par Avenue Olympique,Le D√¥me,7,4617 A,
Christiania,254,H√¥tel,Rue du Parc des Sports,Les L√®ches,7,,
CIC,145,Banque,Avenue Olympique,L'illaz,4,,
Cimalpes,284,Agence Immobili√®re,Place Moufflier,Le Thovex,7,,
Cimes Les,145,Galerie,Avenue Olympique,L'Illaz,4,1426 A,
Cimes Les,145,R√©sidence,Avenue Olympique,L'illaz,4,1426 A,
Cimeti√®re,509,Cimeti√®re,Rue des Barmettes,L'Adroit,12,,
Cin√©ma,236,Cin√©ma,Rue de la Face,Vers les eaux,6,,
Circuit de Glace,663,Activit√©,Route de la Plaine,Plaine de la Daille,3,,
CIS Immobilier,448,Agence Immobili√®re,Rue de la Galise,Vieux Village,8,,
Clapey Le,335,R√©sidence,Rue des Leissi√®res,Le Front de Neige,8,,
Clarines Les,85,R√©sidence,Route de la Balme,Le Bosset,4, 4057 A,
Clo Pierre,482,Chalet,Rue des Leissi√®res,Vieux Village,8,,
Clochetons Les,388,Restaurant,Route de l'Eau Rousse,Ch√¢telard,11,,
Club des Sports,245,B√¢timent,Esplanade,Parc des Sports,6,,
Club M√©diterran√©,412,R√©sidence,Rue de la Legettaz,La Legettaz,11,,
Cocorico Le,441,Bar,Rue du Cachay,Rond-Point des Pistes,9,,
C≈ìur de Val,448,R√©sidence,Rue de la Galise,Vieux Village,8,,
Coffee Shop,215,Restauration,Avenue Olympique,Le D√¥me,7,,
Cognac,418,Chalet,Rue de la Legettaz,La Legettaz,11,,
Coiffeur,234,Salon de coiffure,Mont√©e de Bellevarde,Vers les Eaux,6,,
Coiffeur,7,Salon de coiffure,Place du Rosoleil,La Daille,1,,
Coiffeur,285,Salon de coiffure,Place Moufflier,Le Thovex,7,,
Coin des Amis Le,297,Bar,Val Village,Val Village,8,,
Coin Savoyard,234,Restaurant,Mont√©e de Bellevarde,Vers les Eaux,6,,
Colombia,301,Commerce,Val Village,Val Village,8,,
Cooperative Laiti√®re,300,Commerce,Val Village,Val Village,8,,
Coprin,163,Chalet,Route de la Balme,La Balme,5,,
Cord√©e La,54,Chalet,Chemin de la Ruaz,Le Cr√™t,3,,
Corniche La,474,Restaurant,Rue des Leissi√®res,Vieux Village,8,,
Costa,466,Chalet,Rue Nicolas Bazile,Vieux Village,8,,
C√¥t√© Paul,210,Chalet,Rue du Coin,Le Coin,7,,
Couchire,558,Chalet,Route du Fornet,Le Fornet,15,,
Cousillons Les,362,Fromagerie,Rue du Joseray,Le Joseray,10,,
C√¥ves 1 Les,73,R√©sidence,Route de la Balme,Le Clos,3,,
C√¥ves2 Les,77,R√©sidence,Chemin des C√¥ves,Les Coves,3,,
Coyote,94,Chalet,Chemin du Petit Alaska,Le Petit Alaska,5,,
Crazy Barmes,290,Commerce,Avenue du Prariond,Le Thovex,7,,
Cr√®che Bout'choux,88,B√¢timent,Route de la Balme,Le Bosset,4,,
Cr√©dit Agricole des Savoie,281,Banque,Avenue Olympique,Le Thovex,7,,
Cr√™pe Val,297,Cr√™perie,Val Village,Val Village,8,,
Cr√™perie du Grand Marnier La,306,Cr√™perie,Place des Dolomites,Val Village,8,,
Cr√™perie La,284,Cr√™perie,Place Moufflier,Le Thovex,7,,
Cressets Les,530,Chalet,Rue du Fornet,Le Fornet,15,,
Cr√™t (Chalet du),48,Chalet,Chemin de la Ruaz,Le Cr√™t,3,,
Cr√™t 1,56,R√©sidence,Chemin du Cr√™t,Le Cr√™t,3,,
Cr√™t 2,55,R√©sidence,Chemin du Cr√™t,Le Cr√™t,3,1025 A,
Cr√™tes Blanches Les,200,H√¥tel,Rue du Parc des Sports,Le Coin,7,,
Cristal,30,Chalet,Rue de la Daille,La Daille,2,,
Cristallines Les,116,R√©sidence,Impasse du Planay,Le Cacholet,3,A4: 1845 A3:1973,
Cristilidji,425,Chalet,Rue de la Legettaz,La Legettaz,10,,
Crocus Le,280,R√©sidence,Avenue Olympique,Le Thovex,7,üöß 9876A üö™ 6148 A,
Croix du Sud La,252,R√©sidence,Rue du Parc des Sports,Les L√®ches,7, 2536 A,
Croix La,42,Chalet,Chemin de la Ruaz,Le Cr√™t,3,,
Crozets Les,553,Restaurant,Route du Fornet,Le Fornet,15,,
Crystal A/B,220,Chalet,Mont√©e de Bellevarde,Vers les Eaux,6,,
Cygnaski,86,R√©sidence,Route de la Balme,Le Bosset,4, 1506 E (A/B),
Dahu Le,330,R√©sidence,Rue des Leissi√®res,Le Front de Neige,8,,
Daille La,35,R√©sidence,Rue de la Daille,La Daille,1,,
Dalva,262,Chalet/R√©sidence,Rue No√´l Machet,Les L√®ches,7,1043,
Dana,659,Chalet,Rue du Chatelard,Ch√¢telard,11,5445 F,
Dana√Ødes du Praz,406,R√©sidence,Acc√®s par Rue de la Legettaz,La Legettaz,11,,
Dana√Ødes Les,328,R√©sidence,Rue de l'√©glise,Le Front de Neige,8,,
Danival,331,R√©sidence,Rue des Leissi√®res,Le Front de Neige,8,,
Daphn√©es Les,258,R√©sidence,Rue du Parc des Sports,Les L√®ches,7,303,
Darbi Le,159,Chalet,Rue de la Face,La Calabourdanne,7,,
Davos Kloster,66,Chalet,Chemin du Cacholet,Le Cr√™t,3,,
DDE-DIR,150,B√¢timent,Avenue Olympique,L'Illaz,4,,
Decales,301,Commerce,Val Village,Val Village,8,,
Delta,386,Chalet,Acc√®s par Rue du Joseray,Ch√¢telard,11,,
Delval Immobilier,2884,Agence Immobili√®re,Place Moufflier,Le Thovex,7,,
Dentiste,63,Centre M√©dical,Avenue Olympique,Le Cr√™t,3,,
Diamant,225,Chalet,Mont√©e de Bellevarde,Vers les Eaux,6,,
Dick's Tea Bar,200,Discoth√®que,Rue du Parc des Sports,Le Coin,7,,
Doline,197,Chalet,Rue de la Legettaz,La Legettaz,11,,
Dolomites Les,489,H√¥tel,Avenue du Prariond,Les Richardes,12,,
D√¥me Le,217,R√©sidence,Avenue Olympique,Le D√¥me,7,3293 A,
Doudoune Club La,441,Discoth√®que,Rue du Cachay,Rond-Point des Pistes,9,,
Duc de Savoie Le,212,H√¥tel,Acc√®s par Avenue Olympique,Le D√¥me,7,,
Eagle N'Est,231,Chalet,Mont√©e de Bellevarde,Vers les Eaux,6,,
Eau Design,127,Plomberie Chauffage,Avenue Olympique,Illaz,4,,
Eau Vive L',265,R√©sidence,Rue du Cocor,Les L√®ches,7,6789 A,
Eb√®ne,653,Chalet,Avenue du Prariond,Le Rogoney,8,,
Ebenisterie,538,B√¢timent,Rue du Fornet,Fornet,15,,
Echo,386,Chalet,Rue du Joseray,Ch√¢telard,11,,
Ecogam,277,Commerce,Avenue Olympique,Les L√®ches,7,,
Ecole Maternelle,169,B√¢timent,Route de la Balme,La Balme,5,,
Ecole Primaire,170,B√¢timent,Route de la Balme,La Balme,5,,
Ecrins Les,395,Chalet,Rue de la Legettaz,La Legettaz,11,,
Eden Institut Carita,299,Institut de beaut√©,Val Village,Val Village,8,,
Eglise,452,B√¢timent,Rue de l'Eglise,Vieux Village,8,,
Elan,96,Chalet,Chemin du Petit Alaska,Le Petit Alaska,5,,
Element,215,Commerce,Avenue Olympique,Le D√¥me,7,,
Elena,43,Chalet,Chemin de la Ruaz,Le Cr√™t,3,,
Elephant Blanc L',396,Chalet,Rue de la Legettaz,La Legettaz,11,,
Elo Beauty,7,Coiffure + Esth√©tique,Place du Rosoleil,La Daille,1,,
Emeraude,229,Chalet,Mont√©e de Bellevarde,Vers les Eaux,6,,
Epervi√®re L',57,Chalet,Avenue Olympique,Le Cr√™t,3, C 246 A,
Epicerie des Neiges,279,Commerce,Avenue Olympique,Le Thovex,7,,
Equinoxes les,677,Hotel,Rue des √©troits,La Daille,2,,
Eric Bompard,448,Commerce,Rue de la Galise,Vieux Village,8,,
Escale L',206,R√©sidence,Rue du Coin,Le Coin,7,3145 A,
ESF,7,Commerce,Place du Rosoleil,La Daille,1,,
ESF,304,B√¢timent,Rue du Grand Cocor,Val Village,8,,
ESF,324,Chalet,Front de Neige,Front de Neige,8,,
Eskiador Sport 2000,127,Commerce,Avenue Olympique,L'Illaz,4,,
Espace Vacances,200,R√©sidence,Rue du Parc des Sports,Le Coin,7,,
Essential Hair by Mariana,285,Salon de coiffure,Place Moufflier,Le Thovex,7,,
Esth√©tique Eden,273,Esth√©ticienne,Avenue Olympique,Les L√®ches,7,,
Etable d'Alain L',508,Restaurant,Rue des Barmettes,L'Adroit,12,,
Eterlou L',296,Chalet,Acc√®s par Avenue du Prariond,Le Thovex,7,,
Etincelle L',661,Restaurant,Acc√®s par chemin du Charvet,Rond-Point des Pistes,9,,
Etoile des Neige,18,Chalet,Rue des Etroits,La Daille,2,,
Etoile du Nord L',666,Chalet,Chemin du petit Alaska,Le Petit Alaska,4,,
Etoile'L,571,Chalet,Route du Fornet,Le Fornet,15,,
Etroits (Chalet des),16,Chalet,Rue des Etroits,La Daille,2,,
Eureka Val,422,R√©sidence,Rue de la Legettaz,La Legettaz,10,,
Evolution 2,435,Ecole de Ski,Rue du Cachay,Le Rond-Point des pistes,9,,
Face,650,Chalet,Rue de la Face,La Calabourdanne,7,üîë 4152 üîë,
Face La,680,Chalet,Mont√©e de la face,Les carats,6,,
Fall Line,174,Bar,Route de la Balme,La Balme,5,,
Fanal Le,268,R√©sidence,Rue des L√®ches,Les L√®ches,7,6518 A,
Farmhouse,466,Ensemble de Chalets,Rue Nicolas Bazile,Vieux Village,8,,
Fasty foody,7,Commerce,Place du Rosoleil,La Daille,1,,
Ferme Coussillon,362,Ferme,Rue du Joseray,Le Joseray,10,,
Ferme de l'Adroit,508,Ferme,Rue des Barmettes,L'Adroit,12,,
Ferme de Val,181->189,Ensemble de Chalets,Route de la Balme,La Balme,6,,
Ferme du Vieux Clos,484,Chalet,Rue des Leissi√®res,Vieux Village,8, 468,
Ferme La,517,Chalet,Route du Laisinant,Le Laisinant,13,,
Ferme Tutel,362,B√¢timent,Rue du Joseray,Le Joseray,10,,
Fermette de Claudine,302,Commerce,Val Village,Val Village,8,,
Findeling,382,Chalet,Acc√®s par Rue du Joseray,Ch√¢telard,11,,
Fjord,148,R√©sidence,Avenue Olympique,L'Illaz,4,,
Flash Pizza,144,Pizzeria,Avenue Olympique,L'Illaz,4,,
Fleuriste,251,Fleuriste,Rue du Parc des Sports,Les L√®ches,7,,
Flocon,345,R√©sidence,Rue des C√©libataires,Le Rogoney,8,,
Floride Le,522,R√©sidence,Chemin de la Vanoise,Le Laisinant,13,C 4056,
FM R√©novation,41,B√¢timent,Chemin de la Daille,La Daille,2,,
Fohen,155,Chalet,Rue de la Calabourdanne,La Calabourdanne,7,,
Folie Douce La,275,Commerce,Avenue Olympique,Les L√®ches,7,,
Fondue Factory,211,Restaurant,Avenue Olympique,Le D√¥me,7,,
Fonti,347,Chalet,Rue des C√©libataires,Le Rogoney,8,,
For√™t,542,Chalet,Rue du Fornet,Le Fornet,15,B 02646,
For√™t La,175,R√©sidence,Route de la Balme,La Balme,5,B 02646,
Fornet,538,H√¥tel,Rue du Fornet,Le Fornet,15,,
Fornet (Chalet du),554,Chalet,Route du Fornet,Le Fornet,15,,
Fornet 1,560,Chalet,Route du Fornet,Le Fornet,15,,
Fornet 2,557,Chalet,Route du Fornet,Le Fornet,15,,
Fox Trot,386,Chalet,Acc√®s par Rue du Joseray,Ch√¢telard,11,,
France Telecom,74,Logements,Avenue Olympique,Le Clos,3,,
Franchet,11,R√©sidence,Rue du Rosoleil,La Daille,1,,
Franchet Le,466,Chalet,Rue Nicolas Bazile,Vieux Village,8,,
Frojo,290,Bijouterie,Avenue du Prariond,Le Thovex,7,,
Galise La,447,H√¥tel,Rue de la Galise,Vieux Village,8,,
Gallet,382,Chalet,Acc√®s par Rue du Joseray,Ch√¢telard,11,,
Garage,664,Garage,Chemin de la Ruaz,Le Cr√™t,3,,
Garage √† Dameuse,21,Garage,Rue des √©troits,La Daille,2,,
Garage bus STVI,5,Garage,D902,La Daille,5,,
Garage communal,1,Garage,La Daille,La Daille,1,,
Garage du Bosset,79,Garage,Chemin du Bosset,Le Bosset,4,,
Garage Gelinotte,102,Garage,Chemin du Petit Alaska,Le Petit Alaska,5,,
Garage l'Adonis,80,Garage,Route de la Balme,Le Bosset,4,,
Garage L'Ancolie,350,Garage,Rue des Leissi√®res,Le Rogoney,8,,
Gardes du Parc de la Vanoise,519,Chalet,Chemin de la Vanoise,Le Laisinant,13,,
Gare Funiculaire,24,Remont√©e,Acc√®s par rue des √©troits,La Daille,2,,
Gare Routi√®re,193,B√¢timent,Avenue Olympique,Le Coin,7,,
Gare T√©l√©cabine,15,B√¢timent,Rue des √©toits,La Daille,2,,
Gaudissard,290,Commerce,Avenue du Prariond,Place Moufflier,7,,
Gelinotte La,92,Chalet,Chemin du Petit Alaska,Le Petit Alaska,5,,
Gelinotte La,101,H√¥tel,Chemin du Petit Alaska,Le Petit Alaska,5,,
Gendarmerie Nationale,498,B√¢timent,Avenue du Prariond,Les Richardes,12,,
Genepy,110,Chalet,Acc√®s par Route de la Balme,Le Petit Alaska,5,,
Genepy Le,459,Chalet,Avenue du Prariond,Vieux Village,8,,
Genevi√®ve,391,Chalet,Rue de la Legettaz,La Legettaz,11,,
Gentianes Les,314,Chalet,Impasse des Gentianes,L'Illetaz,8,2345 A,
G√Æte Communal,552,Chalet,Chemin des Pr√©s,Le Fornet,15,,
G√Æte l'Ecureuil,531,Chalet,Chemin des Pr√©s,Le Fornet,15,,
Glaciers Les,293,R√©sidence,Acc√®s par Avenue du Prariond,Le Thovex,7,,
Gnellets Les,357,Chalet,Acc√®s par Pont du Joseray,Le Joseray,10,,
Golf,386,Chalet,Acc√®s par Rue du Joseray,Ch√¢telard,11,,
Gourmandine La,439,Restaurant,Rue du Cachay,Rond-Point des Pistes,9,,
Grain de Sel Le,211,Restaurant,Avenue Olympique,Le D√¥me,7,,
Grand Angle photos,145,Photographe,Avenue Olympique,L'Illaz,4,,
Grand Cocor,264,Restaurant,Rue du Cocor,Les L√®ches,7,üîë 4132,
Grand Cocor Le,264,R√©sidence,Rue du Cocor,Les L√®ches,7,üîë 4132,
Grand Nord,109,H√¥tel,Route de la Balme,Le Petit Alaska,5,,
Grand Paradis,263,R√©sidence,Rue du Cocor,Les L√®ches,7,1214 A -> 1213 A,
Grand Parei,570,Chalet,Route du Fornet,Le Fornet,15,,
Grand Pares,564,Chalet,Route du Fornet,Le Fornet,15,,
Grand Pierre (Maison),358,Chalet,Acc√®s par Pont du Joseray,Le Joseray,10,,
Grand Pr√©,670,Chalet,Mont√©e de la Legettaz,La Legettaz,10,üîë 7128 üîë ,
Grand Pr√®s,181,Chalet,Route de la Balme,La Balme,6,,
Grand T√©tras,387,Chalet,Acc√®s par Rue du Joseray,Ch√¢telard,11,,
Grand Vallon Le,158,R√©sidence,Rue de la Face,La Calabourdanne,7,,
Grande Casse La,115,Chalet,Chemin du Cacholet,Le Cacholet,3,,
Grande Ours La,321,Restaurant,Rue de la Grande Ourse,Le Front de Neige,8,,
Grande Sassi√®re,69,Chalet,Chemin du Cacholet,Le Cr√™t,3,,
Grandes Ba√Ømes Les,392,Chalet,Rue de la Legettaz,La Legettaz,11,,
Grange √† L√©onard,37,Chalet,D902,La Daille,2,,
Grange La,531,Chalet,Chemin des Pr√©s,Le Fornet,14,,
Grapillon,433,Chalet,Rue du Cachay,Rond-Point des Pistes,9,,
Gratiot,382,Chalet,Acc√®s par Rue du Joseray,Ch√¢telard,11,,
Griffiths,308,Cabinet M√©dical,Place des Dolomites,Val Village,8,,
Grizny,488,R√©sidence,Avenue du Prariond,Les Richardes,12,,
Grizzly,108,Chalet,Chemin du Petit Alaska,Le Petit Alaska,5,,
Guni√©,547,Chalet,Rue du Fornet,Le Fornet,15,,
Hameaux de Val,494,R√©sidence,Avenue du Prariond,Les Richardes,12,,
Hameaux des Verdets,173,R√©sidence,Route de la Balme,La Balme,5,7517,
Hangar L',540,Chalet,Rue du Fornet,Le Fornet,15,,
Haute Pierre,49,Chalet,Chemin de la Ruaz,Le Cr√™t,3,,
Hauts de Val Les,289,R√©sidence,Mont√©e du Thovex,Le Thovex,7,2436 A,
Hauts du Rogoney Les,339,R√©sidence,Chemin du Rogoney,Le Rogoney,8,4238 A,
H√©l√®ne Immobilier,284,Agence Immobili√®re,Place Moufflier,Le Thovex,7,,
Henri Oreillier,320,H√¥tel,Rue de la Grande Ourse,Le Front de Neige,8,,
Hermine,107,Chalet,Acc√®s par Route de la Balme,Le Petit Alaska,5,,
Hestia,466,Chalet,Rue Nicolas Bazile,Vieux Village,8,,
Hibou Le,127,Commerce,Avenue Olympique,L'Illaz,4,,
Himalaya,20,Chalet,Rue des Etroits,La Daille,2,,
Hors Limite,251,Commerce,Rue du Parc des Sports,Les L√®ches,7,,
Hotel Lodge,490,Chalet,Avenue du Prariond,Les Richardes,12,,
Husky,101,Chalet,Acc√®s par Route de la Balme,Le Petit Alaska,5,,
Idex,495,B√¢timent,Avenue du Prariond,Les Richardes,12,,
Illaz L',131,Chalet,Acc√®s par Avenue Olympique,L'Illaz,4,2635 A,
Illaz L',129,R√©sidence,Avenue Olympique,L'Illaz,4,2635 A,
In Extenso Tarentaise,463,Cabinet comptable,Avenue du Prariond,Le Vieux Village,8,,
India,386,Chalet,Acc√®s par Rue du Joseray,Ch√¢telard,11,,
Innoko,95,Chalet,Chemin du Petit Alaska,Le Petit Alaska,5,,
Intersport,147,Commerce,Avenue Olympique,L'Illaz,4,,
Intersport,7,Commerce,Place du Rosoleil,La Daille,1,,
Intersport By Mattis,263,Commerce,Rue du Cocor,Les L√®ches,7,,
Intersport By Pitte,282,Commerce,Avenue Olympique,Le Thovex,7,,
Inuit (chalet),672,Chalet,Chemin du petit Alaska,Le petit Alaska,5,,
Iraniens (Chalet des),655,Chalet,Route du Fornet,Mont√©e du Fornet,14,,
Iris Les,122,Chalet,Avenue Olympique,Le Cacholet,3,1326,
Iseran 2000,143,R√©sidence,Acc√®s par Avenue Olympique,L'Illaz,4,1460 A,
Is√®re L',288,R√©sidence,Mont√©e du Thovex,Le Thovex,7,4305,
Jack,450,Bar,Rue de la Poste,Vieux Village,8,,
Jack Wolfskin,282,Commerce,Avenue Olympique,Le Thovex,7,,
Jade,228,Chalet,Mont√©e de Bellevarde,Vers les Eaux,6,,
Jane Griffith,449,Galerie d'art,Rue de l'√©glise,Vieux Village,8,,
Jardin Alpin I,410,R√©sidence,Rue de la Legettaz,La Legettaz,11, 5678 A,
Jardin Alpin II,411,R√©sidence,Rue de la Legettaz,La Legettaz,11,5678 A,
Jardin Alpin III,409,R√©sidence,Rue de la Legettaz,La Legettaz,11,5678 A,
Jardin de la Balme,172,R√©sidence,Route de la Balme,La Balme,5,,
Jardin de Val,171,R√©sidence,Route de la Balme,La Balme,5,9327 A,
Jardin des Alpes,145,Restaurant,Avenue Olympique,L'Illaz,4,,
Jean sport,442,Commerce,Avenue du Prariond,Vieux Village,8,,
Joseray,371,Chapelle,Acc√®s par Rue du Joseray,Le Joseray,10,,
Julien,356,Chalet,Rue de la Face,Chantel,9,,
Jupiter V5 + Gardien Val Village,297,R√©sidence,Rue de la Poste,Val Village,8,301 A,
Kandahar Le,213,H√¥tel,Avenue Olympique,Le D√¥me,7,,
Kavok,562,Chalet,Route du Fornet,Le Fornet,15,,
Kern Le,274,H√¥tel,Passage du Kern,Les L√®ches,7,,
Kilco,651,Chalet,Rue de la Calabourdanne,Parc des Sports,6,,
Kilimandjaro,675,H√¥tel,Rue des c√©libataires,C√©libataires,12,üîë 1382 + üü¢,
Kilimanjaro,393,Chalet,Rue de la Legettaz,La Legettaz,11,üîë 1382 + üü¢,
Killy Sport,284,Commerce,Place Moufflier,Le Thovex,7,,
Kilo 1-2-3,384,Chalet,Acc√®s par Rue du Joseray,Ch√¢telard,11,,
Kin√©sith√©rapeute,282,M√©decin,Avenue Olympique,Le Thovex,7,,
Kin√©sith√©rapeute Masseur,147,M√©decin,Avenue Olympique,L'Illaz,4,,
Kineval,63,Cabinet M√©dical,Avenue Olympique,Le Cr√™t,3,,
K2,678/309,H√¥tel,Avenue du Prariond,L'Illetaz,8,,
La Bouclia,45,Chalet,Chemin du Cr√™t,Le Cr√™t,3,,
Lac Damour,539,Chalet,Rue du Fornet,Le Fornet,15,,
Lafitenia *,389,Chalet,Rue de la Legettaz,La Legettaz,11,,
Laisinant (Chalet du),523,R√©sidence,Route du Laisinant,Le Laisinant,13,,
Lamy,564,Chalet,Route du Fornet,Le Fornet,15,,
Languetin,156,Chalet,Rue de la Face,La Calabourdanne,7,,
Languetin,157,Chalet,Rue de la Face,La Calabourdanne,7,,
Lascha,569,Chalet,Route du Fornet,Le Fornet,15,,
Lauzes Les,454,H√¥tel,Rue de l'Eglise,Vieux Village,8,,
Laverie Automatique,7,Commerce,Place du Rosoleil,La Daille,1,,
Laverie Automatique,127,Commerce,Avenue Olympique,L'Illaz,4,,
Laverie Automatique,252,Commerce,Rue du Parc des Sports,Les L√®ches,7,,
Lecommandeur,352,Chalet,Rue de la Face,Chantel,9,5208A,
L'√©cureuil,674,R√©sidence,Avenue du Prariond,Les richardes,12,,
Leissi√®res Les,348,R√©sidence,Rue des Leissi√®res,Le Rogoney,8,2703 A,
Le petit alaska,673,Chalet,chemin du petit alaska,Le petit alaska,4,3041,
Lepiote,165,Chalet,Route de la Balme,La Balme,5,,
Librairie Bouquiniste,252,Commerce,Rue du Parc des Sports,Les L√®ches,7,,
Li√®vre Blanc,182,Chalet,Route de la Balme,La Balme,6,264 A,
Li√®vre Blanc,472,Chalet,Rue Nicolas Bazile,Vieux Village,8,264 A,
Life Mountain Style,284,Commerce,Place Moufflier,Le Thovex,7,,
Lima 1 et 2,383,Chalet,Acc√®s par Rue du Joseray,Ch√¢telard,11,,
Little lodge,337,Chalet,Rue des Leissi√®res,Le Front de Neige,8,,
Lo Coumel,433,Chalet,Rue du Cachay,Rond-Point des Pistes,9,,
Lo Soli,521,Chalet,Route du Laisinant,Le Laisinant,13,,
L√¥ Suel,556,Chalet,Route du Fornet,Le Fornet,15,,
Lo Tavaillon,515,Chalet,Chemin de la Vanoise,Le Laisinant,13,,
L√¥ Torsa√Ø,555,Chalet,Route du Fornet,Le Fornet,15,,
Lodge Le,196,Restaurant/Bar,Rue du Parc des Sports,Le Coin,7,,
Logement STVI,15,B√¢timent,Rue des √©troits,La Daille,2,,
Lol√´,277,Commerce,Avenue Olympique,Les L√®ches,7,,
Lorres Les,485,R√©sidence,Avenue du Prariond,Les Richardes,12,,
Lothse,316,Chalet,Avenue du Prariond,L'Illetaz,8,,
Loup,540,Chalet,Rue du Fornet,Le Fornet,15,,
Loup Blanc,317,R√©sidence,Avenue du Prariond,L'Illetaz,8,0 2025 69,
Lucaval,403,Chalet,Rue de la Legettaz,La Legettaz,11,,
Luge La,277,Restaurant,Avenue Olympique,Les L√®ches,7,,
Lupins Les,501,R√©sidence,All√©e des Richardes,Les Richardes,12,,
Lys Martagon,272,R√©sidence,Avenue Olympique,Les L√®ches,7,,
M,278,Bar,Avenue Olympique,Les L√®ches,7,,
Mac Kinley,507,Chalet,Rue des Barmettes,L'Adroit,12,,
Madame Vacances,279,R√©sidence,Avenue Olympique,Le Thovex,7,,
Madeleine,81,Chalet,Route de la Balme,Le Bosset,4,,
Mademoiselle Val d'Is√®re,319,Hotel,Rue de la poste,Place des Dolomites,8,,
Madrisha,65,Chalet,Chemin du Cacholet,Le Cr√™t,3,,
Maeva,434,R√©sidence,Rue du Cachay,Le Rond-Point des Pistes,9,,
Mage Le,208,Chalet,Acc√®s par Rue du Coin,Le Coin,7,,
Mairie,283,B√¢timent,Chemin du Rafour,Le Thovex,7,,
Maison Andr√©,28,Chalet,Rue de la Daille,La Daille,2,,
Maison Andr√©,543,Chalet,Rue du Fornet,Le Fornet,15,,
Maison d'Ang√©lique,32,Chalet,Rue de la Daille,La Daille,2,,
Maison d'en Haut,516,Chalet,Chemin de la Vanoise,Le Laisinant,13,,
Maison de la Presse,216,Commerce,Avenue Olympique,Le D√¥me,7,,
Maison de Val,236,B√¢timent,Rue de la Face,Vers les Eaux,6,,
Maison du Grand Pierre,358,Chalet,Acc√®s par Pont du Joseray,Le Joseray,10,,
Maison Foresti√®re,149,B√¢timent,Avenue Olympique,L'Illaz,4,,
Maison Marcel Chauvin,449,B√¢timent,Rue de l'Eglise,Vieux Village,8,,
Maison Moris,444,Chalet,Mont√©e du Bellevue,Vieux Village,8,,
Maison Rose,332,Chalet,Rue des Leissi√®res,Le Front de Neige,8,,
Makalu,470-471,R√©sidence,Rue Nicolas Bazile,Vieux Village,8,,
Mangard,342,Chalet,Rue des Leissi√®res,Le Rogoney,8,,
Marabout,135,Chalet,Acc√®s par Avenue Olympique,L'Illaz,4,,
Marcel Charvin (Maison),449,B√¢timent,Rue de l'√©glise,Vieux Village,8,,
Marco Polo,313,Chalet,Impasse des Gentianes,L'Illetaz,8,,
Margaux,419,Chalet,Rue de la Legettaz,La Legettaz,11,,
Margherio,275,Commerce,Avenue Olympique,Les L√®ches,7,,
Marie,184,Chalet,Route de la Balme,La Balme,6,,
Marmottes Les,123,Chalet,Avenue Olympique,Le Cacholet,3,,
Marmotti√®re,89,Chalet,Route de la Balme,Le Petit Alaska,5,,
Mars V4,300,R√©sidence,Val Village,Val Village,8, 304 A,
Marsa La,550,Chalet,Route du Fornet,Le Fornet,15,,
Marsala,176,H√¥tel,Acc√®s par Route de la Balme,La Balme,5,,
Mathilda,185,Chalet,Route de la Balme,La Balme,6,,
Mattis Diffusion,297,Commerce,Val Village,Val Village,8,,
Mattis Felix,549,Chalet,Rue du Fornet,Le Fornet,15,,
Mattis Gerard et Philippe,135,Chalet,Acc√®s par Avenue Olympique,L'illaz,4,,
Mattis Sport,252,Commerce,Rue du Parc des Sports,Les L√®ches,7,,
Mattis Sport,278,Commerce,Avenue Olympique,Les L√®ches,7,,
Mattis Sport-Intersport,263,Commerce,Rue du Cocor,Les L√®ches,7,,
M√©diath√®que,236,B√¢timent,Rue de La Face,Vers les Eaux,6,,
Medival,63,Cabinet M√©dical,Avenue Olympique,Le Cr√™t,3,,
M√©lanie,652,Chalet,Rue Nicolas Bazile,Vieux Village,8,,
M√©l√®zes ASCO,526,Chalet,Chemin de la Vanoise,Le Laisinant,13,,
M√©l√®zes Les,189,Chalet,Route de la Balme,La Balme,6,85138 A,
Mercure V1,299,R√©sidence,Val Village,Val Village,8,303 A,
Merlot,420,Chalet,Rue de la Legettaz,La Legettaz,11,,
M√©tropole Le,251,B√¢timent,Rue du Parc des Sports,Les L√®ches,7,,
Millega,197,Chalet,Rue du Coin,Le Coin,7,,
Millet Eider,282,Commerce,Avenue Olympique,Le Thovex,7,,
Mistral,389,Chalet,Rue de la Legettaz,La Legettaz,11,1920 A,
Mistral Le,257,Chalet,Rue du Parc des Sports,Les L√®ches,7,1920 A,
Misty Fly,284,Ecole de Ski,Place Moufflier,Le Thovex,7,,
Mont Roup,130,Chalet,Acc√®s par Avenue Olympique,L'Illaz,4,,
Montagne Girl,301,Commerce,Val Village,Val Village,8,,
Montain Masters,284,Ecole de Ski,Place Moufflier,Le Thovex,7,,
Montain Pro Shop,145,Commerce,Avenue Olympique,L'Illaz,4,,
Montain Property Services,125,Plomberie 24h/24,Avenue Olympique,Le Cacholet,3,,
Montana,219,Chalet,Mont√©e de Bellevarde,Vers les Eaux,6,,
Montana (Village),490,Chalet,Avenue du Prariond,Les Richardes,12,,
Mont-Blanc,676,H√¥tel,Rue des c√©libataires,C√©libataires,12,,
Monument aux morts,453,Monument,Rue de l'Eglise,Vieux Village,8,,
Morille,162,Chalet,Route de la Balme,La Balme,5,,
Moris (Maison),444,B√¢timent,Mont√©e du Bellevue,Vieux Village,8,,
Morraine La,361,Chalet,Acc√®s par Pont du Joseray,Le Joseray,10,,
Mountain Hardwear,303,Commerce,Val Village,Val Village,8,,
Mourra,348,Chalet,Rue des Leissi√®res,Le Rogoney,8,,
Mourra La,653,Chalet/Hotel/Restaurant/Bar,Avenue du Prariond,Le Rogoney,8,,
Mousseron,166,Chalet,Route de la Balme,La Balme,5,,
Mousti√®re,103,Chalet,Chemin du Petit Alaska,Le Petit Alaska,5,,
Mowgli,90,Chalet,Route de la Balme,Le Petit Alaska,5,,
Muscat,421,Chalet,Rue de la Legettaz,La Legettaz,11,,
Mus√©e,236,B√¢timent,Rue de la Face,Vers les Eaux,6,,
Nanou,37,Chalet,D902,La Daille,2,,
Nanouk,91,Chalet,Route de la Balme,Le Petit Alaska,5,,
Napapijri,196,Commerce,Rue du Parc des Sports,Le Coin,7,,
Narcisse,461,Chalet,Rue Nicolas Bazile,Vieux Village,8,A 1789,
Neige,17,Chalet,Rue des Etroits,La Daille,2,,
Neige,311,Chalet,Impasse des Gentianes,L'Illetaz,8,,
Neige et Glace,327,R√©sidence,Rue de l'Eglise,Le Front de Neige,8,,
Neil Son,32,Chalet,Rue de la Daille,La Daille,2,,
Neptune V9,306,R√©sidence,Val Village,Val Village,8,308 A,
Nevacho,545,Chalet,Rue du Fornet,Le Fornet,15,,
N√©v√©,353,Chalet,Rue de la Face,Chantel,9,,
Next Bar,144,Bar,Avenue Olympique,L'Illaz,4,,
Nid des Hirondelles,549,Chalet,Rue du Fornet,Le Fornet,15,,
Niverole Le,334,R√©sidence,Rue des Leissi√®res,Le Front de Neige,8,5046 A,
Notaire,63,B√¢timent,Avenue Olympique,Le Cr√™t,3,,
Nothface The,275,Commerce,Avenue Olympique,Les L√®ches,7,,
Nothface The,300,Commerce,Val Village,Val Village,8,,
L'Ours Blanc,538,Chalet,Rue du Fornet,Le Fornet,15,,
√î Rendez-Vous,306,Cr√™perie,Place des Dolomites,Val Village,8,,
Oakley by Precision Ski,303,Commerce,Val Village,Val Village,8,,
Oasis L',528,Chalet,Rue du Fornet,Le Fornet,15,,
Odalys,171,R√©sidence,Route de la Balme,La Balme,5,,
Odalys,339,R√©sidence,Chemin du Rogoney,Le Rogoney,8,,
Odlo,297,Commerce,Val Village,Val Village,8,,
Office du Tourisme,283,B√¢timent,Place Moufflier,Le Thovex,7,,
Ogier Sport,292,Commerce,Avenue du Prariond,Le Thovex,7,,
ONF,149,B√¢timent,Avenue Olympique,L'Illaz,4,,
Onyx,224,Chalet,Mont√©e de Bellevarde,Vers les Eaux,6,,
Opal,226,Chalet,Mont√©e de Bellevarde,Vers les Eaux,6,,
Orage,284,Commerce,Place Moufflier,Le Thovex,7,,
Orca,669,Chalet,Chemin de la Bayettaz,Le Fornet,15,,
Or√©ades,164,R√©sidence,Avenue Olympique,La Balme,5,6435 A,
Or√©e des Pistes L',433,Chalet,Rue du Cachay,Rond-Point des Pistes,9,,
Or√©e L',164,R√©sidence,Route de la Balme,La Balme,5,,
Orient L',312,Chalet,Impasse des Gentianes,L'Illetaz,8,,
Ormelune,374,Chalet,Acc√®s par Rue du Joseray,Ch√¢telard,11,,
Ormelune,517,Chalet,Rue du Laisinant,La Laisinant,13,,
Ormelune L',266,H√¥tel ',Rue No√´l Machet,Les L√®ches,7,,
Orso,566,Chalet,Acc√®s par chemin de la Bayettaz,Le Fornet,15,,
Oscar,376,Chalet,Acc√®s par Rue du Joseray,Ch√¢telard,11,,
Ost√©opathe,63,Centre M√©dical,Avenue Olympique,Le Cr√™t,3,,
Ost√©opathe,147,M√©decin,Avenue Olympique,L'Illaz,4,,
Otarie,99,Chalet,Chemin du Petit Alaska,Le Petit Alaska,5,,
Ourson,133,Chalet,Acc√®s par Avenue Olympique,L'Illaz,4,,
Ourson Blanc L',329,R√©sidence,Rue des Leissi√®res,Le Front de Neige,8,1384,
Oxyg√®ne Ski Shop,145,Ecole de Ski,Avenue Olympique,L'Illaz,4,,
Pachouna,30,Chalet,Rue de la Daille,La Daille,2,,
Pacific Bar,290,Bar,Avenue du Prariond,Le Thovex,7,,
Palmyre,276,Chalet,Passage de Solaise,Les L√®ches,7,,
Parc de la Vanoise,519,Garde,Chemin de la Vanoise,Le Laisinant,13,,
Parc Le,216,H√¥tel,Avenue Olympique,Le D√¥me,7,,
Parfumerie,290,Commerce,Place Moufflier,Le Thovex,7,,
Parking de la Face de Bellevarde P1,238,Parking,Rue de la Face,Vers les Eaux,9,,
Parking du Centre PO,253,Parking,Rue du Parc des Sports,Les L√®ches,7,,
Parking Jardin Alpin,413,Parking,Rue de la Legettaz,La Legettaz,11,,
Parking La Daille P2,40,Parking,D902,La Daille,1,,
Parking R√©sidence Priv√©e,287,Parking,Mont√©e du Thovex,Le Thovex,7,,
Pas du Bouquetin,125,R√©sidence,Avenue Olympique,Le Cacholet,3,169 A,
Patagonia,300,Commerce,Val Village,Val Village,8,,
Patinoire,260,B√¢timent,Rue des L√®ches,Les L√®ches,7,,
Paul,450,Restaurant,Rue de la Poste,Vieux Village,8,,
Pauline,186,Chalet,Route de la Balme,La Balme,6,,
P√©laou Blanc,141,Chalet,Avenue Olympique,L'Illaz,4,,
Pentes,17,Chalet,Rue des Etroits,La Daille,2,,
Perce Neige,178,R√©sidence,Rue du Picheru,La Balme,5,,
Perdrix Blanche La,216,Commerce,Avenue Olympique,Le D√¥me,7,,
Perseval,477,R√©sidence,Rue des Leissi√®res,Vieux Village,8,C 8425 Y,
Petit Agra,53,Chalet,Chemin de la Ruaz,Le Cr√™t,3,,
Petit Danois Le,196,Bar,Rue du Parc des Sports,Le Coin,7,,
Petit Poucet Le,494,Garderie,Avenue du Prariond,Les Richardes,12,,
Petite Bergerie La,239,Chalet,Rue de la Calabourdanne,Parc des Sports,6,,
Petite Sassi√®re,67,Chalet,Chemin du Cacholet,Le Cr√™t,3,,
Pharmacie,272,Commerce,Avenue Olympique,Les L√®ches,7,,
Picheru,177,R√©sidence,Rue du Picheru,La Balme,5,3570 A,
Pier,450,Restaurant,Rue de la Poste,Vieux Village,8,,
Pierra Menta,120,Chalet,Avenue Olympique,Le Cacholet,3,A: 1824 A B: 73153,
Pierra Menta,70,Chalet,Chemin du Cacholet,Le Cr√™t,3,A: 1824 A B: 73153,
Pierra Menta La,68,Chalet,Chemin du Cacholet,Le Cr√™t,3,A: 1824 A B: 73153,
Pierre (Chalet de),520,Chalet,Chemin de la Vanoise,Le Laisinant,13,,
Pierre de Compia,46,Chalet,Chemin du Cr√™t,Le Cr√™t,3,,
Pierre et Vacances (Centre-Ville),138,R√©sidence,Acc√®s par Avenue Olympique,L'Illaz,4,,
Pierre et Vacances (Daille),36,R√©sidence,Rue de la Daille,La Daille,1,,
Pignes Les,463,R√©sidence,Avenue du Prariond,Vieux Village,8,C 2468,
Pile,650,Chalet,Rue de la Face,La Calabourdanne,7,,
Pingouin,132,Chalet,Acc√®s par Avenue Olympique,L'Illaz,4,,
Pistes,17,Chalet,Rue des √©troits,La Daille,2,,
Pitte Sport,282,Commerce,Avenue Olympique,Le Thovex,7,,
Pizz'N Love,494,Pizzeria,Avenue du Prariond,Les Richardes,12,,
Pizza Pizza,146,Restauration,Avenue Olympique,L'Illaz,4,,
Planay Le,118,R√©sidence,Impasse du Planay,Le Cacholet,3,,
Planks II,297,Commerce,Val Village,Val Village,8,,
Plant√©e du B√¢ton Le,442,Chalet,Mont√©e du Bellevue,Vieux Village,8,,
Platine,221,Chalet,Mont√©e de Bellevarde,Vers les Eaux,6,,
Plein Sud Le,242,R√©sidence,Rue du Parc des Sports,Parc des Sports,6,3218 A,
Plomberie Eau Design,127,Plomberie Chauffage,Avenue Olympique,L'Illaz,4,,
Plomberie Montain Property Services,125,Plomberie Chauffage,Avenue Olympique,Le Cacholet,3,,
Pluton V10,308,R√©sidence,Place des Dolomites,Val Village,8,309 A,
Point Break,277,Commerce,Avenue Olympique,Les L√®ches,7,,
Poivre Blanc,299,Commerce,Val Village,Val Village,8,,
Police Municipale,129,B√¢timent,Avenue Olympique,L'Illaz,4,,
Pomme de Pin,563,Chalet,Route du Fornet,Le Fornet,15,,
Pompier,497,B√¢timent,Avenue du Prariond,Les Richardes,12,,
Portillo Le,127,R√©sidence,Avenue Olympique,L'Illaz,4,1425 - 1426 - 1427,
Poste La,307,B√¢timent,Rue de la Poste,Val Village,8,,
Poudreuse La,196,Commerce,Rue du Parc des Sports,Le Coin,7,416,
Poudri√®re La,3,B√¢timent,Chemin du Bois de la Laye,La Daille,1,416,
Prariond,283,R√©sidence,Place Moufflier,Le Thovex,7, üîë 1346,
Praz d'Aval,438,R√©sidence,Rue du Cachay,Rond-Point des Pistes,9,1756 A,
Praz de la Legettaz |,414,R√©sidence,Rue de la Legettaz,La Legettaz,11,,
Praz de la Legettaz IB,415,R√©sidence,Rue de la Legettaz,La Legettaz,11,,
Precision Ski,308,Commerce,Place des Dolomites,Val Village,8,,
Precision Ski,455,Commerce,Rue de l'Eglise,Vieux Village,8,,
Precision Ski,303,Commerce,Val Village,Val Village,8,,
Pr√©cision Ski,144,Commerce,Avenue Olympique,L'Illaz,4,,
Pr√©cision Ski,290,Commerce,Place Moufflier,Le Thovex,7,,
Pr√©cision Ski,196,Commerce,Rue du Parc des Sports,Le Coin,7,,
Premi√®re Neige,522,Chalet,Route du Laisinant,Le Laisinant,13,,
Presbyt√®re,449,B√¢timent,Rue de l'Eglise,Vieux Village,8,,
Pro Shop,234,Commerce,Mont√©e de Bellevarde,Vers les Eaux,6,,
Pro Shop killy Sport Avenue Lodge,273,Commerce,Avenue Olympique,Les L√®ches,7,,
Pull In,290,Commerce,Avenue du Prariond,Place de l'Office,7,,
Pure Ski,284,Commerce,Place Moufflier,Le Thovex,7,,
Pure Spa,278,Spa,Avenue Olympique,Les L√®ches,7,,
Quebra,391,Chalet,Rue de la Legettaz,La Legettaz,11,,
Quicksilver,215,Restauration,Avenue Olympique,Le D√¥me,7,,
Le Ranch,386,Ensemble de Chalets,Acc√®s par Rue du Joseray,Ch√¢telard,11,,
Raton Laveur,98,Chalet,Chemin du Petit Alaska,Le Petit Alaska,5,,
Renevier,295,Chalet,Acc√®s par Avenue du Prariond,Le Thovex,7,,
R√©nov'Val,494,R√©novations,Avenue du Prariond,Les Richardes,12,,
R√©sidence Canadienne,109,R√©sidence,Route de la Balme,Le Petit Alaska,5,,
Reversade,139,Chalet,Acc√®s Avenue Olympique,L'Illaz,4,,
Richardes 2B2-2B3 Les,497,R√©sidence,Avenue du Prariond,Les Richardes,12, B2: 2201 B3: 2202,
Richardes A1 Les,496,R√©sidence,Avenue du Prariond,Les Richardes,12,,
Richardes B1 Les,495,R√©sidence,Avenue du Prariond,Les Richardes,12,,
Rive Gauche,544,Chalet,Rue du Fornet,Le Fornet,15,,
Rivolier,517,Chalet,Route du Laisinant,Le Laisinant,13,,
Roc Merlet,112,Chalet,Chemin du Cacholet,Le Cacholet,3,,
Roche des Fours,378,Chalet,Acc√®s par Rue du Joseray,Ch√¢telard,11,,
Roche La,42,Chalet,Chemin de la Ruaz,Le Cr√™t,3,,
Rocher Le,188,Chalet,Route de la Balme,La Balme,6,,
Roches Blanches Les,486,R√©sidence,Avenue du Prariond,Les Richardes,12,0950 A,
Rocheur La,364,Chalet,Acc√®s par Pont du Joseray,Le Joseray,10,,
Rogoney,340,R√©sidence,Chemin du Rogoney,Le Rogoney,8,A: 1348 B: 7654,
Rogoney Aliet,341,R√©sidence,Acc√®s par Rue des Leissi√®res,Le Rogoney,8,,
Rogoney Bleuets,343,R√©sidence,Rue des C√©libataires,Le Rogoney,8,,
Roitelet,546,Chalet,Rue du Fornet,Le Fornet,15,,
Rond-Point des Pistes I,436,R√©sidence,Rue du Cachay,Rond-Point des Pistes,9,,
Rond-Point des Pistes II,434,R√©sidence,Rue du Cachay,Rond-Point des Pistes,9,,
Rond-Point des Pistes III,439,R√©sidence,Rue du Cachay,Rond-Point des Pistes,9,,
Ros√©e Blanche,14,Bar Snack,Rue des Etroits,La Daille,2,,
Rosi√®re La,365,Chalet,Acc√®s par Rue du Joseray,Le Joseray,10,,
R√¥tisserie La,234,Restaurant,Mont√©e de Bellevarde,Vers les Eaux,6,,
Roussell,435,Chalet,Rue du Cachay,Rond-Point des Pistes,9,,
Roxy Le,213,Commerce/Restaurant,Avenue Olympique,Le D√¥me,7,,
Rubi,232,Chalet,Mont√©e de Bellevarde,Vers les Eaux,6,,
Ruitor,251,R√©sidence,Rue du Parc des Sports,Les L√®ches,7,,
Sacoval,118,B√¢timent,Impasse du Planay,Cacholet,3,,
Safari photo vanoise,442,Prestation,Avenue du Prariond,Vieux Village,8,,
Saint Barthelemy,518,Chapelle,Route du Laisinant,Laisinant,13,,
Saint Charles Le,201,R√©sidence,Rue du Parc des Sports,Le Coin,7,789 A,
Saint Hubert,271,H√¥tel Restaurant/Bar,Avenue Olympique,Les L√®ches,7,,
Saint Jacques,117,R√©sidence,Impasse du Planay,Le Cacholet,3,,
Saint Jean,338,Chapelle,Front de Neige,Front de Neige,8,,
Saint Michel,34,R√©sidence,Rue de la Daille,La Daille,2,3127 A,
Saint Roch,475,Chalet,Rue Nicolas Bazile,Vieux Village,8,,
Saint Roch,451,Chapelle,Rue Nicolas Bazile,Vieux Village,8,,
Saint Roch (Chalet),478,Chalet,Rue Nicolas Bazile,Vieux Village,8,,
Sainte Agathe,168,R√©sidence,Route de la Balme,La Balme,5,,
Sainte Madeleine,529,Chapelle,Rue du Fornet,Le Fornet,15,,
Sakura Studio,200,R√©sidence,Rue du Parc des Sports,Le Coin,7,,
Salle du Conseil,449,B√¢timent,Rue de l'Eglise,Vieux Village,8,,
Salon des Fous Le,281,Cr√™perie/Restauration,Avenue Olympique,Le Thovex,7,,
Saloon Le,354,Bar,Rue du Parc des Sports,Les L√®ches,7,,
Sambrot,547,Chalet,Rue du Fornet,Le Fornet,15,,
Samovar,39,H√¥tel/Restaurant,D902,La Daille,1,,
Sana La,264,Restaurant,Rue du Cocor,Les L√®ches,7,,
Santel,12,R√©sidence,Rue du Rosoleil,La Daille,1,,
Santons Les,532,Chalet,Rue du Fornet,Le Fornet,15,,
Santons Les,202,R√©sidence,Rue du Coin,Le Coin,7,,
Sanville,398,Chalet,Rue de la Legettaz,La Legettaz,11,,
Saphir,230,Chalet,Mont√©e de Bellevarde,Vers les Eaux,6,,
Sapins Les,241,Chalet,Rue de la Calabourdanne,Parc des Sports,6,,
Sarire,32,Chalet,Rue de la Daille,La Daille,2,,
Sarire La,537,Chalet,Rue du Fornet,Le Fornet,13,,
Sasserier,655,Chalet,Route du Fornet,Mont√©e du Fornet,14,,
Saturne V7,303,R√©sidence,Val Village,Val Village,8,305 A,
Saulire,113,Chalet,Chemin du Cacholet,Le Cacholet,3,,
Savoie,417,Chalet,Rue de la Legettaz,La Legettaz,11,,
Savoie Le,211,H√¥tel,Avenue Olympique,Le D√¥me,7,2580 üîë,
Savoy (Chez),361,Chalet,Rue du Joseray,Le Joseray,10,,
Savoyarde La,269,H√¥tel,Rue No√´l Machet,Les L√®ches,7,,
Sayon (Le),658,Chalet,Route de la Balme,Le Bosset,4,,
Schuss Le,323,Chalet,Rue de l'Eglise,Le Front de Neige,8,,
Seccotine,279,Commerce,Avenue Olympique,Le Thovex,7,,
Seccotine (By),281,Commerce,Avenue Olympique,Le Thovex,7,,
Sequoia,50,Chalet,Chemin de la Ruaz,Le Cr√™t,3,,
Service des Pistes,436,B√¢timent,Rue du Cachey,Rond-Point des Pistes,9,,
Services Techniques,1,B√¢timent,La Daille,La Daille,1,,
Sharpay,650,Chalet,Rue de la Face,La Calabourdanne,7,,
Sherpa,211,Commerce,Avenue Olympique,Le D√¥me,7,,
Si mon P√®re Savait ...,302,Commerce,Val Village,Val Village,8,,
Sierra,377,Chalet,Acc√®s par Rue du Joseray,Ch√¢telard,11,,
Sil√®nes Les,499,R√©sidence,All√©e des Richardes,Les Richardes,12,310 A,
Silvretta 1-2-5,110,Chalets,Acc√®s par Route de la Balme,Le Petit Alaska,5,,
Skadi,490,Chalet,Avenue du Prariond,Les Richardes,12,,
Ski Gallery,211,Mus√©e,Avenue Olympique,Le D√¥me,7,,
Ski One,265,Commerce,Rue du Cocor,Les L√®ches,7,,
Ski Republic,127,Commerce,Avenue Olympique,L'Illaz,4,,
Ski Republic,308,Commerce,Place des Dolomites,Val Village,8,,
Ski Republic,439,Commerce,Rue du Cachay,Rond-Point des Pistes,9,,
Skibeat,30,Tour Operateur,Rue de la Daille,La Daille,2,,
Skicase,303,Consigne √† ski,Val Village,Val Village,8,,
Skimium,275,Commerce,Avenue Olympique,Les L√®ches,7,,
Skimium,303,Commerce,Val Village,Val Village,8,,
Skimium - Pure Ski,290,Commerce,Place Moufflier,Le Thovex,7,,
SkiSet,282,Commerce,Avenue Olympique,Le Thovex,7,,
SkiSet,35,Commerce,Rue de la Daille,La Daille,1,,
SkiSet,138,Commerce,Avenue Olympique,L'Illaz,4,,
SkiSet,251,Commerce,Rue du Parc des Sports,Les L√®ches,7,,
SkiSet,273,Commerce,Avenue Olympique,Les L√®ches,7,,
SkiSet,284,Commerce,Place Moufflier,Le Thovex,7,,
SkiSet Aigle des Neige,450,Commerce,Rue de la Poste,Vieux Village,8,,
Ski Hire,215,Commerce,Avenue Olympique,Le D√¥me,7,,
Slalom Le,333,R√©sidence,Rue des Leissi√®res,Le Front de Neige,8,6721 A,
Slice,200,Restauration,Rue du Parc des Sports,Le Coin,7,,
Snoopy,60,Chalet,Avenue Olympique,Le Cr√™t,3,,
Snow Fun,127,Ecole de Ski,Avenue Olympique,L'Illaz,4,,
Snow Hawk,522,Chalet,Chemin de la Vanoise,Le Laisinant,13,,
Snowberry,435,Commerce,Rue du Cachay,Le Rond-Point des Pistes,9,,
Snowberry Streetside,215,Commerce,Avenue Olympique,Le D√¥me,7,,
Solaires Les,351,R√©sidence,Avenue du Prariond,Le Rogoney,8,,
Solaise,275,Galerie,Avenue Olympique,Les L√®ches,7,4150 A,
Solaise (Les Chalets de),426,R√©sidence,Rue de la Legettaz,La Legettaz,10,,
Solaise (Les Chalets de),138,R√©sidence,Avenue Olympique,L'Illaz,4,,
Solaise Le,275,R√©sidence,Avenue Olympique,Les L√®ches,7,,
Solaise Plein Sud,276,R√©sidence,Passage de Solaise,Les L√®ches,7,1258 A,
Soleil Levant,19,Chalet,Rue des Etroits,La Daille,2,,
Soleil Vacances,172,R√©sidence,Route de la Balme,La Balme,5,,
Solineou,134,Chalet,Avenue Olympique,L'Illaz,4,,
Solstice Le,263,Restaurant,Rue du Parc des Sports,Les L√®ches,7,,
Sommet,68,Chalet,Chemin du Cacholet,Le Cr√™t,3,,
Sonnailles Les (√©picerie),448,Commerce,Rue de la Galise,Vieux Village,8,,
Sorbiers Les,464,H√¥tel,Avenue du Prariond,Vieux Village,8,5860,
Sources (Chalet des),218,Chalet,Mont√©e de Bellevarde,Vers les Eaux,6,,
Sources Les,568,Chalet,Chemin de la Bayettaz,Le Fornet,15,2013,
Spa Avenue Lodge,273,Spa,Avenue Olympique,Les L√®ches,7,,
Spa Deep Nature,450,Spa,Rue de la Poste,Vieux Village,8,,
Spa des Barmes de l'Ours,234,Spa,Mont√©e de Bellevarde,Vers les Eaux,6,,
Spa du Blizzard,277,Spa,Avenue Olympique,Les L√®ches,7,,
Spa Nuxe - Le Yule,263,Spa,Rue du Parc des Sports,Les L√®ches,7,,
Spar,75,Commerce,Avenue Olympique,Le Clos,3,,
Spar,251,Commerce,Rue du Parc des Sports,Les L√®ches,7,,
Spar Les Hameaux de Val,494,Commerce,Avenue du Prariond,Les Richardes,12,,
Splendide Le,236,Cin√©ma,Rue de la Face,Vers les Eaux,6,,
Sport 2000,494,Commerce,Avenue du Prariond,Les Richardes,12,,
Sport 2000 Boraso,264,Commerce,Rue du Cocor,Les L√®ches,7,,
Sport 2000 Eskiador,127,Commerce,Avenue Olympique,L'Illaz,4,,
Sport 2000-Iseran Sport,143,Commerce,Acc√®s par Avenue Olympique,L'Illaz,4,,
Sporthouse,275,Commerce,Avenue Olympique,Les L√®ches,7,,
Squaw Valley I,457,R√©sidence,Rue de l'Eglise,Vieux Village,8,2143*,
Squaw Valley II,456,R√©sidence,Rue de l'Eglise,Vieux Village,8,2143*,
Stages Mattis,263,Ecole de Ski,Rue du Cocor,Les L√®ches,7,,
Station-Service,75,Essence,Avenue Olympique,Le Clos,3,,
St√©phanie P√©tri artiste peintre,214,Commerce,Acc√®s par Avenue Olympique,Le D√¥me,7,,
Stidia,458,Chalet,Rue Nicolas Bazile,Vieux Village,8,,
STVI,431,Gare Centrale,Rue du Cachay,Rond-Point des Pistes,9,,
STVI,430,Garage/Magasin,Rue du Cachay,Rond-Point des Pistes,9,,
STVI,429,Local,Rue de la Legettaz,La Legettaz,10,,
Suites des Cinq Fr√®res (Les),667,Chalet,Avenue du Prariond,Vieux Village,8,,
Sun Bar,245,Restaurant,Esplanade,Parc des Sports,6,,
Sur la Montagne / La source,216,Restaurant,Avenue Olympique,Le D√¥me,7,,
Sur le Toit,284,Restaurant,Place Moufflier,Le Tho vex,7,,
Surefoot,217,Commerce,Avenue Olympique,Le D√¥me,7,,
Sushi Party,144,Restauration,Avenue Olympique,L'Illaz,4,,
Sweet Home,217,B√¢timent,Avenue Olympique,Le D√¥me,7,,
Sweet Ski,282,Commerce,Avenue Olympique,Le Thovex,7,,
Sylvie,348,Chalet,Rue des Leissi√®res,Le Rogoney,8,,
Tabac,272,Tabac,Avenue Olympique,Les L√®ches,7,,
Tabac Presse,6,Magasin,Place de Rosoleil,la Daille,1,,
Table √† Pierrade La,450,Restaurant,Rue de la Poste,Vieux Village,8,,
Table d'Yvonne La,445,Restaurant,Mont√©e du Bellevue,Vieux Village,8,,
Table de l'Ours La,234,Restaurant,Mont√©e de Bellevarde,Vers les Eaux,6,,
Table des Neige La,278,Restaurant,Avenue Olympique,Les L√®ches,7,,
Table La,59,Chalet,Avenue Olympique,Le Cr√™t,3,,
Tango,379,Chalet,Acc√®s par Rue du Joseray,Ch√¢telard,11,,
Tapia,468,Chalet,Rue Nicolas Bazile,Vieux Village,8,A: üîë 1250 üîë B: üîë 3018 üîë ,
Tarentaise La,195,H√¥tel,Rue du Parc des Sports,Le Coin,7,,
Tartine La,306,Restauration,Place des Dolomites,Val Village,8,,
Tasna,110,Chalet,Acc√®s par Route de la Balme,Le Petit Alaska,5,,
Taverne d'Alsace La,213,Restaurant,Avenue Olympique,Le D√¥me,7,,
Tchi Frederic,547,Chalet,Rue du Fornet,Le Fornet,15,,
TDC The Development Centre,435,Ecole de Ski,Rue du Cachay,Le Rond-Point des Pistes,9,,
T√©l√©cabine Olympique,246,Remont√©e,Esplanade,Vers les Eaux,6,,
Telemark,281,R√©sidence,Avenue Olympique,Le Thovex,7,,
T√©l√©ph√©rique du Fornet,553,Remont√©e,Route du Fornet,Le Fornet,15,,
T√©l√©si√®ge Bellevarde Express,244,Remont√©e,Esplanade,Parc des Sports,6,,
T√©l√©si√®ge des √©troits,22,Remont√©e,Rue des √©troits,La Daille,2,,
T√©l√©si√®ge du Laisinant Express,525,Remont√©e,Route du Laisinant,Le Laisinant,13,,
T√©l√©si√®ge le Rogoney,250,Remont√©e,Esplanade,Parc des Sports,6,,
T√©l√©si√®ge Solaise Express,249,Remont√©e,Esplanade,Parc des Sports,6,,
T√©l√©si√®ge Village,247,Remont√©e,Esplanade,Parc des Sports,6,,
T√©l√©ski des Lanches,26,Remont√©e,Acc√®s par Rue des √©troits,La Daille,2,,
T√©l√©ski La Savonnette,326,Remont√©e,Front de Neige,Front de Neige,8,,
T√™ne La,424,Chalet,Rue de la Legettaz,La Legettaz,10,,
Terrain Parc des Sports,248,Terrain,Esplanade,Parc des Sports,6,,
Terrasses du Christiania Les,255,R√©sidence,Rue du Parc des Sports,Les L√®ches,7,,
Terre V3,302,R√©sidence,Val Village,Val Village,8,306 A,
T√©tra hors piste/T√©tra pink,282,Ecole de Ski,Avenue Olympique,Le Thovex,7,,
T√©tra Le,209,Chalet,Rue du Coin,Le Coin,7,,
Th√©rap√©os,285,Institut,Place Moufflier,Le Thovex,7,,
Thomily,408,Chalet,Rue de la Legettaz,La Legettaz,11,,
Thovex (Chalet du),291,Chalet,Acc√®s par Avenue du Prariond,Le Thovex,7,,
Thovex A1,285,R√©sidence,Mont√©e du Thovex,Le Thovex,7,4610 A,
Thovex A2,286,R√©sidence,Mont√©e du Thovex,Le Thovex,7,8413 A,
Tocade La,144,Restauration,Avenue Olympique,L'illaz,4,,
Toit du Monde,20,Chalet,Rue des Etroits,La Daille,2,,
Tolima,58,Chalet,Avenue Olympique,Le Cr√™t,3,,
Top Ski,282,Ecole de Ski,Avenue Olympique,Le Thovex,7,,
Top Vision,281,Commerce,Avenue Olympique,Le Thovex,7,,
Topaze,223,Chalet,Mont√©e de Bellevarde,Vers les Eaux,6,,
Toutounier,83,Chalet,Route de la Balme,Le Bosset,4,,
Tovi√®re La,29,H√¥tel Restaurant,D902,La Daille,2,,
Tremplin,63,R√©sidence,Impasse du Planay,Le Cr√™t,3,,
Trolles Les,294,R√©sidence,Acc√®s par Avenue du Prariond,Le Thovex,7,,
Tsanteleina Le,278,H√¥tel,Avenue Olympique,Les L√®ches,7,,
Tufs Les,23,Restaurant,Rue des Etroits,La Daille,2,,
Tunnel des T√©l√©ph√©riques,305,Tunnel,Rd Point de l'office/Rue du Cachay,Val Village,8,,
Turbil,654,Chalet,Route du Fornet,Mont√©e du Fornet,14,,
Turia,534,Chalet,Chemin des Pr√©s,Le Fornet,15,,
Turios Les,427,R√©sidence,Rue de la Legettaz,La Legettaz,10, 1212 A,
Tutel,362,Fromagerie,Rue du Joseray,Le Joseray,10,,
Tuteli√®re La,359,Chalet,Rue du Joseray,Le Joseray,10,,
Twinner,284,Commerce,Place Moufflier,Le Thovex,7,,
UCPA Makalu 1,471,R√©sidence,Rue des Leissi√®res,Vieux Village,8,,
UCPA Makalu 2,470,R√©sidence,Rue des Leissi√®res,Vieux Village,8,,
Underground,279,Bar,Avenue Olympique,Le Thovex,7,,
Unplugged,284,Commerce,Place Moufflier,Le Thovex,7,,
Uranus V6,298,R√©sidence,Rue de la Poste,Val Village,8,6789 A -> 9876 A,
Val,344,R√©sidence,Rue des C√©libataires,Le Rogoney,8,,
Val Agence,7,Agence Immobili√®re,Place du Rosoleil,La Daille,1,,
Val Agence,280,Agence Immobili√®re,Avenue Olympique,Le Thovex,7,,
Val Baby,252,Commerce,Rue du Parc des Sports,Les L√®ches,7,,
Val Blanc Le,487,R√©sidence,Avenue du Prariond,Les Richardes,12,309,
Val C≈ìur,469,R√©sidence,Rue Nicolas Bazile,Vieux Village,8,,
Val d'Illaz,128,R√©sidence,Avenue Olympique,L'Illaz,4,6452 A,
Val d'Is√®re,284,H√¥tel,Place Moufflier,Le Thovex,7,,
Val d'Is√®re Auto Service,27,Garage,D902,La Daille,2,,
Val Fleur,251,Fleuriste,Rue du Parc des Sports,Les L√®ches,7,,
Val Jolia,93,R√©sidence,Chemin du Petit Alaska,Le Petit Alaska,5,4230 A,
Val La Mourra,348,Chalet,Rue des Leissi√®res,Le Rogoney,8,5468 A / C 5270 A,
Val Net,348,Commerce,Rue des Leissi√®res,Le Rogoney,8,,
Val Optic,297,Commerce,Val Village,Val Village,8,,
Val Pierre,136,Chalet,Avenue Olympique,L'Illaz,4,,
Val Pizza,127,Pizzeria,Avenue Olympique,L'Illaz,4,,
Val Ski Shop,7,Commerce,Place du Rosoleil,La Daille,1,,
Val Snow,147,R√©sidence,Avenue Olympique,L'Illaz,4,3152 A,
Val Store,290,R√©sidence,Avenue Prariond,Le Thovex,7,4850 A,
Valbel,8,R√©sidence,Rue du Rosoleil,La Daille,1,,
Valdident,63,Cabinet Dentiste,Avenue Olympique,Le Cr√™t,3,,
Vallat Immobilier,290,Agence Immobili√®re,Place Moufflier,Le Thovex,7,,
Vallonnets Les,535,Chalet,Rue du Fornet,Le Fornet,15,,
Vanoise B/C,9,R√©sidence,Rue du Rosoleil,La Daille,1,,
Venus V2,301,R√©sidence,Val Village,Val Village,8,357 A,
Veolia,73,B√¢timent,Route de la Balme,Le Clos,3,,
Veolia,423,Local,Rue de la Legettaz,La Legettaz,10,,
Verdaches Les,536,Chalet,Rue du Fornet,Le Fornet,15,,
Verdets 1 Les,180,R√©sidence,Rue du Picheru,La Balme,5,2058 A,
Verdets 2 Les,179,R√©sidence,Rue du Picheru,La Balme,5,2469 B,
Verre √† Pied Le,282,Commerce,Avenue Olympique,Le Thovex,7,,
Verre √† Pied Le,282,Caviste,Avenue Olympique,Le Thovex,7,,
Victor,381,Chalet,Acc√®s par Rue du Joseray,Ch√¢telard,11,,
Victor's,251,Bar,Rue du Parc des Sports,Les L√®ches,7,,
Victoria,135,Chalet,Acc√®s par Avenue Olympique,L'Illaz,4,,
Victoria Lodge,493,H√¥tel,Avenue du Prariond,Les Richardes,12,,
Victorine,44,Chalet,Chemin de la Ruaz,Le Cr√™t,3,,
Vie Val d'ls,236,Association,Rue de la Face,Vers les Eaux,6,,
Vieille Maison,33,Restaurant,Rue de la Daille,La Daille,2,,
Vieille Maison de l'Illaz,137,Chalet,Acc√®s par Avenue Olympique,L'Illaz,4,1418 A,
Vieux Clos (Ferme du),484,Chalet,Rue des Leissi√®res,Vieux Village,8,,
Vieux Cr√™t Le,42,Chalet,Chemin de la Ruaz,Le Cr√™t,3,,
Vieux Pont,544,Chalet,Rue du Fornet,Le Fornet,15,,
Vieux Val,473,Chalet,Rue Nicolas Bazile,Vieux Village,8,,
Vieux Village,465,R√©sidence,Avenue du Prariond,Vieux Village,8,,
Village des Enfants,440,B√¢timent,Rue du Cachay,Rond-Point des Pistes,9,,
Village Montana,490,Chalet,Avenue du Prariond,Les Richardes,12,,
Villaret D/E,10,R√©sidence,Rue du Rosoleil,La Daille,1,,
White Pearl ,62,Chalet,Avenue Olympique,Le Cr√™t,3,,
XV Le,145,Bar,Avenue Olympique,L'Illaz,4,,
Yankee,385,Chalet,Acc√®s par Rue du Joseray,Ch√¢telard,11,,
Yeti,222,Chalet,Mont√©e de Bellevarde,Vers les Eaux,6,,
Yule Le,263,H√¥tel/Bar/Spa,Rue du Parc des Sports,Les L√®ches,7,,
Yule Le,263,Commerce,Rue du Parc des Sports,Les L√®ches,7,,
Zone camping car (Et√©),663,Parking,Avenue Olympique,Le Cr√™t,3
